"event_nr";"event_text_raw";"event_text_processed";"rule_nr";"rule_name";"location";"start_day";"start_month";"start_year";"end_day";"end_month";"end_year"
1;"It was implemented in early 1962 and involved some forced relocation, village internment, and segregation of rural South Vietnamese into new communities where the peasantry would be isolated from Communist insurgents.";"It was implemented in early 1962 and involved some forced relocation, village internment, and segregation of rural South Vietnamese into new communities where the peasantry would be isolated from Communist insurgents.";1;"Date: Year";;;;1962;;;
2;"By 1973, approximately 7,500 women had served in Vietnam in the Southeast Asian theater.[351]";"By 1973, approximately 7,500 women had served in Vietnam in the Southeast Asian theater.";1;"Date: Year";;;;1973;;;
3;"Starting in 1965, China sent anti-aircraft units and engineering battalions to North Vietnam to repair the damage caused by American bombing, man anti-aircraft batteries, rebuild roads and railroads, transport supplies, and perform other engineering works.";"Starting in 1965, China sent anti-aircraft units and engineering battalions to North Vietnam to repair the damage caused by American bombing, man anti-aircraft batteries, rebuild roads and railroads, transport supplies, and perform other engineering works.";1;"Date: Year";;;;1965;;;
4;"A classified 2013 report by a joint U.S. army and intelligence group concluded that bringing down Assad would have drastic consequences, since the opposition supported by the Obama administration was dominated by jihadist elements.";"A classified 2013 report by a joint U.S. army and intelligence group concluded that bringing down Assad would have drastic consequences, since the opposition supported by the Obama administration was dominated by jihadist elements.";1;"Date: Year";;;;2013;;;
5;"The Assad family that has ruled Syria since 1970 is mixed: he himself is married to a Sunni woman, with whom he has several children.";"The Assad family that has ruled Syria since 1970 is mixed: he himself is married to a Sunni woman, with whom he has several children.";1;"Date: Year";;;;1970;;;
6;"Bashar al-Assad is widely regarded as having been unsuccessful in implementing democratic change, with a 2010 report from Human Rights Watch stating that he had failed to substantially improve the state of human rights since taking power, although some minor aspects had seen improvement.[145]";"Bashar al-Assad is widely regarded as having been unsuccessful in implementing democratic change, with a 2010 report from Human Rights Watch stating that he had failed to substantially improve the state of human rights since taking power, although some minor aspects had seen improvement.";1;"Date: Year";;;;2010;;;
7;"The 2011 battle of Rastan between the government forces and the FSA was the longest and most intense action up until that time.";"The 2011 battle of Rastan between the government forces and the FSA was the longest and most intense action up until that time.";1;"Date: Year";;;;2011;;;
8;"According to defectors, in 2011 the Syrian government intentionally released imprisoned Islamist militants and provided them with arms in order to make itself the least bad choice for the international community, though the claims could not be independently verified of the one defector quoted, who did not have documents supporting the allegations.";"According to defectors, in 2011 the Syrian government intentionally released imprisoned Islamist militants and provided them with arms in order to make itself the least bad choice for the international community, though the claims could not be independently verified of the one defector quoted, who did not have documents supporting the allegations.";1;"Date: Year";;;;2011;;;
9;"Until the end of 2010, payments towards the pension scheme of the claimant were also made.";"Until the end of 2010, payments towards the pension scheme of the claimant were also made.";1;"Date: Year";;;;2010;;;
10;"In the 2008 election, Obama was elected president, defeating the Republican nominee, Senator John McCain of Arizona, receiving 52.9% of the popular vote and 68% of the electoral vote.";"In the 2008 election, Obama was elected president, defeating the Republican nominee, Senator John McCain of Arizona, receiving 52.9% of the popular vote and 68% of the electoral vote.";1;"Date: Year";;;;2008;;;
11;"Since October 2015, the Syrian government, backed up by direct Russian military involvement, has made significant advances both against the Islamic State of Iraq and the Levant (ISIL) and other rebels, most notably re-capturing Palmyra from the ISIL.";"Since October 2015, the Syrian government, backed up by direct Russian military involvement, has made significant advances both against the Islamic State of Iraq and the Levant (ISIL) and other rebels, most notably re-capturing Palmyra from the ISIL.";2;"Date: Month_Year";;;10;2015;;;
12;"The Damascus Spring largely ended in August 2001 with the arrest and imprisonment of ten leading activists who had called for democratic elections and a campaign of civil disobedience.";"The Damascus Spring largely ended in August 2001 with the arrest and imprisonment of ten leading activists who had called for democratic elections and a campaign of civil disobedience.";2;"Date: Month_Year";;;8;2001;;;
13;"By the end of May 2011, 1,000 civilians[156] and 150 soldiers and policemen[157] had been killed and thousands detained;[158]";"By the end of May 2011, 1,000 civilians and 150 soldiers and policemen had been killed and thousands detained.";2;"Date: Month_Year";;;5;2011;;;
14;"By the end of July 2011, around 1,600 civilians and 500 security forces had been killed and 13,000 arrested.";"By the end of July 2011, around 1,600 civilians and 500 security forces had been killed and 13,000 arrested.";2;"Date: Month_Year";;;7;2011;;;
15;"The threshold level in July 2008 was €150 for free assets (at least €3,100) and €250 for fixed retirement assets, both calculated per capita and lifetime year.";"The threshold level in July 2008 was €150 for free assets (at least €3,100) and €250 for fixed retirement assets, both calculated per capita and lifetime year.";2;"Date: Month_Year";;;7;2008;;;
16;"Near the end of May 2015, fourteen people were indicted in connection with an investigation by the United States Federal Bureau of Investigation (FBI) and the Internal Revenue Service Criminal Investigation Division (IRS-CI) into wire fraud, racketeering, and money laundering.";"Near the end of May 2015, fourteen people were indicted in connection with an investigation by the United States Federal Bureau of Investigation (FBI) and the Internal Revenue Service Criminal Investigation Division (IRS-CI) into wire fraud, racketeering, and money laundering.";2;"Date: Month_Year";;;5;2015;;;
17;"Two further arrests of FIFA officials at the hotel occurred in December 2015.";"Two further arrests of FIFA officials at the hotel occurred in December 2015.";2;"Date: Month_Year";;;12;2015;;;
18;"In July 2010, Amazon announced that e-book sales for its Kindle reader outnumbered sales of hardcover books for the first time ever during the second quarter of 2010.";"In July 2010, Amazon announced that e-book sales for its Kindle reader outnumbered sales of hardcover books for the first time ever during the second quarter of 2010.";2;"Date: Month_Year";;;7;2010;;;
19;"As of December 2014, Amazon Web Services operated 1.4 Million servers across 11 regions and 28 availability zones.";"As of December 2014, Amazon Web Services operated 1.4 Million servers across 11 regions and 28 availability zones.";2;"Date: Month_Year";;;12;2014;;;
20;"In October 2015, Amazon announced a new handmade marketplace called Handmade By Amazon, already having 5,000 sellers from 60 countries and 80,000 items for sale.";"In October 2015, Amazon announced a new handmade marketplace called Handmade By Amazon, already having 5,000 sellers from 60 countries and 80,000 items for sale.";2;"Date: Month_Year";;;10;2015;;;
21;"The Euromaidan protests came to a head in late February 2014, and Yanukovych and many of his ministers fled the capital.";"The Euromaidan protests came to a head in late February 2014, and Yanukovych and many of his ministers fled the capital.";2;"Date: Month_Year";;;2;2014;;;
22;"In the beginning of July 2014, Canada announced sanctions targeting Russian arms, energy and financial entities.";"In the beginning of July 2014, Canada announced sanctions targeting Russian arms, energy and financial entities.";2;"Date: Month_Year";;;7;2014;;;
23;"By December 2015, Mossack Fonseca held nearly all of the shares in those companies in trust structures on his behalf, with the President and his wife, son and daughter the trust beneficiaries.";"By December 2015, Mossack Fonseca held nearly all of the shares in those companies in trust structures on his behalf, with the President and his wife, son and daughter the trust beneficiaries.";2;"Date: Month_Year";;;12;2015;;;
24;"On 9 August 2012, the United States and Vietnam began a cooperative cleaning up of the toxic chemical on part of Danang International Airport, marking the first time Washington has been involved in cleaning up Agent Orange in Vietnam.[391]";"On 9 August 2012, the United States and Vietnam began a cooperative cleaning up of the toxic chemical on part of Danang International Airport, marking the first time Washington has been involved in cleaning up Agent Orange in Vietnam.";3;"Date: Day_Month_Year";;9;8;2012;;;
25;"On 3 July 2014, an overpass under construction in Belo Horizonte as part of the World Cup infrastructure projects collapsed onto a busy carriageway below, leaving two people dead and 22 others injured.";"On 3 July 2014, an overpass under construction in Belo Horizonte as part of the World Cup infrastructure projects collapsed onto a busy carriageway below, leaving two people dead and 22 others injured.";3;"Date: Day_Month_Year";;3;7;2014;;;
26;"The allocation of slots for each confederation was decided to be unchanged by the FIFA Executive Committee on 30 May 2015 in Zürich, after the FIFA Congress.";"The allocation of slots for each confederation was decided to be unchanged by the FIFA Executive Committee on 30 May 2015 in Zürich, after the FIFA Congress.";3;"Date: Day_Month_Year";;30;5;2015;;;
27;"On 8 October 1895, Queen Min of Korea, the leader of the anti-Japanese and pro-Chinese faction at the Korean court was murdered by Japanese agents within the halls of the Gyeongbokgung palace, an act that backfired badly as it turned Korean public opinion against Japan.";"On 8 October 1895, Queen Min of Korea, the leader of the anti-Japanese and pro-Chinese faction at the Korean court was murdered by Japanese agents within the halls of the Gyeongbokgung palace, an act that backfired badly as it turned Korean public opinion against Japan.";3;"Date: Day_Month_Year";;8;10;1895;;;
28;"On 24 July 2014, Canada announced sanctions targeting Russian arms, energy and financial entities.";"On 24 July 2014, Canada announced sanctions targeting Russian arms, energy and financial entities.";3;"Date: Day_Month_Year";;24;7;2014;;;
29;"On June 2, 2015 a letter was published,[64] claiming that Jérôme Valcke was party to a potential bribe paid to former FIFA executive Jack Warner in relation to votes for the 2010 FIFA World Cup in South Africa.";"On June 2, 2015 a letter was published, claiming that Jérôme Valcke was party to a potential bribe paid to former FIFA executive Jack Warner in relation to votes for the 2010 FIFA World Cup in South Africa.";3;"Date: Day_Month_Year";;2;6;2015;;;
30;"The program was discontinued on June 1, 2010.";"The program was discontinued on June 1, 2010.";3;"Date: Day_Month_Year";;1;6;2010;;;
31;"It was launched gradually in the United Kingdom on August 29, 2012, starting in London and expanding to more towns and cities.";"It was launched gradually in the United Kingdom on August 29, 2012, starting in London and expanding to more towns and cities.";3;"Date: Day_Month_Year";;29;8;2012;;;
32;"Soundunwound ceased existence on June 18, 2012, and the site redirected to Amazon.";"Soundunwound ceased existence on June 18, 2012, and the site redirected to Amazon.";3;"Date: Day_Month_Year";;18;6;2012;;;
33;"By October, the FSA started to receive active support from Turkey, who allowed the rebel army to operate its command and headquarters from the country's southern Hatay Province close to the Syrian border, and its field command from inside Syria.";"By October, the FSA started to receive active support from Turkey, who allowed the rebel army to operate its command and headquarters from the country's southern Hatay Province close to the Syrian border, and its field command from inside Syria.";4;"Date: Month";;;10;;;;
34;"Throughout August, Syrian forces stormed major urban centres and outlying regions, and continued to attack protests.";"Throughout August, Syrian forces stormed major urban centres and outlying regions, and continued to attack protests.";4;"Date: Month";;;8;;;;
35;"In late October, clashes occurred in the northwestern town of Maarrat al-Nu'man between government forces and defected soldiers at a roadblock on the edge of the town, and near the Turkish border, where 10 security agents and a deserter were killed in a bus ambush.";"In late October, clashes occurred in the northwestern town of Maarrat al-Nu'man between government forces and defected soldiers at a roadblock on the edge of the town, and near the Turkish border, where 10 security agents and a deserter were killed in a bus ambush.";4;"Date: Month";;;10;;;;
36;"On 25 April, the Syrian Army started a series of large-scale deadly military attacks on towns, using tanks, infantry carriers, and artillery, leading to hundreds of civilian deaths.";"On 25 April, the Syrian Army started a series of large-scale deadly military attacks on towns, using tanks, infantry carriers, and artillery, leading to hundreds of civilian deaths.";"4a";"Date: Day_Month";;25;4;;;;
37;"By Friday 22 April protests occurred in twenty cities.";"By Friday 22 April protests occurred in twenty cities.";"4a";"Date: Day_Month";;22;4;;;;
38;"After 8 April, the emphasis in demonstration slogans gradually shifted towards the call for overthrowing the Assad government.";"After 8 April, the emphasis in demonstration slogans gradually shifted towards the call for overthrowing the Assad government.";"4a";"Date: Day_Month";;8;4;;;;
39;"Significant armed rebellion against the state began on 4 June in Jisr al-Shugur, a city in Idlib Governorate near the Turkish border, after security forces on a post office roof had fired at a funeral demonstration.";"Significant armed rebellion against the state began on 4 June in Jisr al-Shugur, a city in Idlib Governorate near the Turkish border, after security forces on a post office roof had fired at a funeral demonstration.";"4a";"Date: Day_Month";;4;6;;;;
40;"On 31 July, a nationwide crackdown nicknamed the Ramadan Massacre resulted in the death of at least 142 people and hundreds of injuries.";"On 31 July, a nationwide crackdown nicknamed the Ramadan Massacre resulted in the death of at least 142 people and hundreds of injuries.";"4a";"Date: Day_Month";;31;7;;;;
41;"In total, seven current FIFA officials were arrested at the Hotel Baur au Lac in Zürich on May 27.";"In total, seven current FIFA officials were arrested at the Hotel Baur au Lac in Zürich on May 27.";"4a";"Date: Day_Month";;27;5;;;;
42;"On June 6, Phaedra Almajid, who had been placed under the protective custody of the FBI, claimed that FIFA would be forced to strip Qatar from hosting the 2022 World Cup.";"On June 6, Phaedra Almajid, who had been placed under the protective custody of the FBI, claimed that FIFA would be forced to strip Qatar from hosting the 2022 World Cup.";"4a";"Date: Day_Month";;6;6;;;;
43;"However, on June 3, and following both the resignation of Sepp Blatter and the revelations of the former FIFA Executive Chuck Blazer, Warner declared in a televised political address that he was no longer prepared to keep secrets for them who actively seek to destroy the country (Trinidad and Tobago) and that the gloves [were] off.";"However, on June 3, and following both the resignation of Sepp Blatter and the revelations of the former FIFA Executive Chuck Blazer, Warner declared in a televised political address that he was no longer prepared to keep secrets for them who actively seek to destroy the country (Trinidad and Tobago) and that the gloves [were] off.";"4a";"Date: Day_Month";;3;6;;;;
44;"At 5:00am on April 3, after the news first broke, Ramón Fonseca Mora (co-founder of Mossack Fonseca) appeared on local television channel TVN.";"At 5:00am on April 3, after the news first broke, Ramón Fonseca Mora (co-founder of Mossack Fonseca) appeared on local television channel TVN.";"4a";"Date: Day_Month";;3;4;;;;
45;"In a May 6 statement, John Doe cited income inequality as the reason for his action, and said he leaked the documents simply because I understood enough about their contents to realise the scale of the injustices they described.";"In a May 6 statement, John Doe cited income inequality as the reason for his action, and said he leaked the documents simply because I understood enough about their contents to realise the scale of the injustices they described.";"4a";"Date: Day_Month";;6;5;;;;
46;"By April 8, the government understood media reports were addressing tax evasion not attacking the country of Panama.";"By April 8, the government understood media reports were addressing tax evasion not attacking the country of Panama.";"4a";"Date: Day_Month";;8;4;;;;
47;"As late as 17 April, Russian foreign minister Lavrov said that there were no spare armed forces in the territory of Crimea.";"As late as 17 April, Russian foreign minister Lavrov said that there were no spare armed forces in the territory of Crimea.";"4a";"Date: Day_Month";;17;4;;;;
48;"From 1958 to 1961, a brief union with Egypt replaced Syria's parliamentary system with a highly centralized presidential regime.";"From 1958 to 1961, a brief union with Egypt replaced Syria's parliamentary system with a highly centralized presidential regime.";"6a";"Range: Year_to_Year";;;;1958;;;1961
49;"During the European migrant crisis of 2014-2015 hundreds of thousands of Syrian refugees of the Syrian Civil War entered Germany to seek refugee status.";"During the European migrant crisis of 2014 to 2015 hundreds of thousands of Syrian refugees of the Syrian Civil War entered Germany to seek refugee status.";"6a";"Range: Year_to_Year";;;;2014;;;2015
50;"The country was under emergency rule from 1963 until 2011, banning public gatherings of more than five people.";"The country was under emergency rule from 1963 until 2011, banning public gatherings of more than five people.";"6a";"Range: Year_to_Year";;;;1963;;;2011
51;"The regime survived a series of armed revolts by Sunni Islamists, mainly members of the Muslim Brotherhood, from 1976 until 1982.";"The regime survived a series of armed revolts by Sunni Islamists, mainly members of the Muslim Brotherhood, from 1976 until 1982.";"6a";"Range: Year_to_Year";;;;1976;;;1982
52;"During 1944-1945, a deep famine struck northern Vietnam due to a combination of bad weather and French/Japanese exploitation (French Indochina had to supply grains to Japan).";"During 1944 to 1945, a deep famine struck northern Vietnam due to a combination of bad weather and French/Japanese exploitation (French Indochina had to supply grains to Japan).";"6a";"Range: Year_to_Year";;;;1944;;;1945
53;"The Industrial Revolution was the transition to new manufacturing processes in the period from about 1760 to sometime between 1820 and 1840.";"The Industrial Revolution was the transition to new manufacturing processes in the period from about 1760 to sometime between 1820 and 1840.";"6a";"Range: Year_to_Year";;;;1760;;;1820
54;"About 40,000 communist soldiers infiltrated into the south from 1961-63.";"About 40,000 communist soldiers infiltrated into the south from 1961 to 63.";"6a";"Range: Year_to_Year";;;;1961;;;63
55;"The regime survived a series of armed revolts by Sunni Islamists, mainly members of the Muslim Brotherhood, from 1976 until 1982.";"The regime survived a series of armed revolts by Sunni Islamists, mainly members of the Muslim Brotherhood, from 1976 until 1982.";"6a";"Range: Year_to_Year";;;;1976;;;1982
56;"AmazonFresh also operated pick-up locations in the suburbs of Bellevue and Kirkland from summer 2007 through early 2008.";"AmazonFresh also operated pick-up locations in the suburbs of Bellevue and Kirkland from summer 2007 through early 2008.";"6a";"Range: Year_to_Year";;;;2007;;;2008
57;"World War I (WWI or WW1), also known as the First World War, or the Great War, was a global war originating in Europe that began on July 1914 and lasted until 1918.";"World War I (WWI or WW1), also known as the First World War, or the Great War, was a global war originating in Europe that began on July 1914 and lasted until 1918.";"6b";"Range: Month_Year_to_Year";;;7;1914;;;1918
58;"Between June 1991 and 1999, Premarin was listed as the most popular prescription and best-selling drug in America.";"Between June 1991 and 1999, Premarin was listed as the most popular prescription and best-selling drug in America.";"6b";"Range: Month_Year_to_Year";;;6;1991;;;1999
59;"He played for the Mississippi Braves starting in June 2009 until 2010 before being promoted to the Gwinnett Braves during the 2010 season.";"He played for the Mississippi Braves starting in June 2009 until 2010 before being promoted to the Gwinnett Braves during the 2010 season.";"6b";"Range: Month_Year_to_Year";;;6;2009;;;2010
60;"Hillman, a Republican, served in the Maine Senate from August 1954 to end 1962 representing Penobscot County, Maine, including his residence in Bangor, Maine.";"Hillman, a Republican, served in the Maine Senate from August 1954 to end 1962 representing Penobscot County, Maine, including his residence in Bangor, Maine.";"6b";"Range: Month_Year_to_Year";;;8;1954;;;1962
61;"The title was contested over six rounds from December 2013 to beginning 2014.";"The title was contested over six rounds from December 2013 to beginning 2014.";"6b";"Range: Month_Year_to_Year";;;12;2013;;;2014
62;"He served as state secretary in the Ministry of Defence from January 1, 1947 to 1950.";"He served as state secretary in the Ministry of Defence from January 1, 1947 to 1950.";"6c";"Range: Day_Month_Year_to_Year";;1;1;1947;;;1950
63;"Declared a ""flop"" by Billboard magazine, Wanted aired only from October 20, 1955 to 1956[123].";"Declared a flop by Billboard magazine, Wanted aired only from October 20, 1955 to 1956.";"6c";"Range: Day_Month_Year_to_Year";;20;10;1955;;;1956
64;"William was a member of the Victorian Legislative Council beginning in March 3, 1870 to 1876.";"William was a member of the Victorian Legislative Council beginning in March 3, 1870 to 1876.";"6c";"Range: Day_Month_Year_to_Year";;3;3;1870;;;1876
65;"Declared a ""flop"" by Billboard magazine, Wanted aired only from 13th October 1955 to 1956[3].";"Declared a flop by Billboard magazine, Wanted aired only from 13th October 1955 to 1956.";"6c";"Range: Day_Month_Year_to_Year";;13;10;1955;;;1956
66;"William was a member of the Victorian Legislative Council beginning in 3rd of March 1870 to 1876.";"William was a member of the Victorian Legislative Council beginning in 3rd of March 1870 to 1876.";"6c";"Range: Day_Month_Year_to_Year";;3;3;1870;;;1876
67;"He served as state secretary in the Ministry of Defence from January till mid 1950.";"He served as state secretary in the Ministry of Defence from January till mid 1950.";"6d";"Range: Month_to_Year";;;1;;;;1950
68;"Declared a ""flop"" by Billboard magazine, Wanted aired only from October to 1956[123].";"Declared a flop by Billboard magazine, Wanted aired only from October to 1956.";"6d";"Range: Month_to_Year";;;10;;;;1956
69;"William was a member of the Victorian Legislative Council beginning in March till 1876.";"William was a member of the Victorian Legislative Council beginning in March till 1876.";"6d";"Range: Month_to_Year";;;3;;;;1876
70;"Declared a ""flop"" by Billboard magazine, Wanted aired only from October to 1956[3].";"Declared a flop by Billboard magazine, Wanted aired only from October to 1956.";"6d";"Range: Month_to_Year";;;10;;;;1956
71;"William was a member of the Victorian Legislative Council beginning in March to 1876.";"William was a member of the Victorian Legislative Council beginning in March to 1876.";"6d";"Range: Month_to_Year";;;3;;;;1876
72;"They decided to flee the country, as the war might keep going from 3rd of October till the beginning of 1945.";"They decided to flee the country, as the war might keep going from 3rd of October till the beginning of 1945.";"6e";"Range: Day_Month_to_Year";;3;10;;;;1945
73;"He served as state secretary in the Ministry of Defence from January 6th till mid 1950.";"He served as state secretary in the Ministry of Defence from January 6th till mid 1950.";"6e";"Range: Day_Month_to_Year";;6;1;;;;1950
74;"Declared a ""flop"" by Billboard magazine, Wanted aired only from 31st October to 1956[123].";"Declared a flop by Billboard magazine, Wanted aired only from 31st October to 1956.";"6e";"Range: Day_Month_to_Year";;31;10;;;;1956
75;"William was a member of the Victorian Legislative Council from May 5th till the beginning of 1876.";"William was a member of the Victorian Legislative Council from May 5th till the beginning of 1876.";"6e";"Range: Day_Month_to_Year";;5;5;;;;1876
76;"Declared a ""flop"" by Billboard magazine, Wanted aired only from 3rd of November till 1956.";"Declared a flop by Billboard magazine, Wanted aired only from 3rd of November till 1956.";"6e";"Range: Day_Month_to_Year";;3;11;;;;1956
77;"From 2001 until August 2011, Amazon hosted the retail website for Target.";"From 2001 until August 2011, Amazon hosted the retail website for Target.";"7a";"Range: Year_to_Month_Year";;;;2001;;8;2011
78;"From 2000 until February 2001, there was an Amazon customer service based in The Hague, Netherlands.";"From 2000 until February 2001, there was an Amazon customer service based in The Hague, Netherlands.";"7a";"Range: Year_to_Month_Year";;;;2000;;2;2001
79;"Somewhere between 2001 and July 2011, the blackops Operation was plannend and trained, the leaked documents are not sufficient enough.";"Somewhere between 2001 and July 2011, the blackops Operation was plannend and trained, the leaked documents are not sufficient enough.";"7a";"Range: Year_to_Month_Year";;;;2001;;7;2011
80;"From about 1941 until the end of march 1943, he was stationed in France.";"From about 1941 until the end of march 1943, he was stationed in France.";"7a";"Range: Year_to_Month_Year";;;;1941;;3;1943
81;"From about 1941 until march 1943, he was stationed in France.";"From about 1941 until march 1943, he was stationed in France.";"7a";"Range: Year_to_Month_Year";;;;1941;;3;1943
82;"A Damascus Spring of social and political debate took place between July 2000 and August 2001.";"A Damascus Spring of social and political debate took place between July 2000 and August 2001.";"7b";"Range: Month_Year_to_Month_Year";;;7;2000;;8;2001
83;"Following qualification matches played between June 2011 and November 2013, the following 32 teams ""shown with their last pre-tournament FIFA world ranking[16]"" qualified for the final tournament.";"Following qualification matches played between June 2011 and November 2013, the following 32 teams shown with their last pre-tournament FIFA world ranking qualified for the final tournament.";"7b";"Range: Month_Year_to_Month_Year";;;6;2011;;11;2013
84;"From November 1954 to January 1957, there was large-scale but disorganized dissidence in the countryside which the Di?m government succeeded in quelling.";"From November 1954 to January 1957, there was large-scale but disorganized dissidence in the countryside which the Di?m government succeeded in quelling.";"7b";"Range: Month_Year_to_Month_Year";;;11;1954;;1;1957
85;"From July 1965 to the end of August 1974, fighting in Vietnam was observed by some 6,500 officers and generals, as well as more than 4,500 soldiers and sergeants of the Soviet Armed Forces.";"From July 1965 to the end of August 1974, fighting in Vietnam was observed by some 6,500 officers and generals, as well as more than 4,500 soldiers and sergeants of the Soviet Armed Forces.";"7b";"Range: Month_Year_to_Month_Year";;;7;1965;;8;1974
86;"During the examphase (July 2016 - October 2016), many students tend do sleep less than normal.";"During the examphase (July 2016 - October 2016), many students tend do sleep less than normal.";"7b";"Range: Month_Year_to_Month_Year";;;7;2016;;10;2016
87;"Starting at March 2000 until June 2001, many platforms were build.";"Starting at March 2000 until June 2001, many platforms were build.";"7b";"Range: Month_Year_to_Month_Year";;;3;2000;;6;2001
88;"He was incarcerated in jail from August 10, 1943 to January 1945.";"He was incarcerated in jail from August 10, 1943 to January 1945.";"7c";"Range: Day_Month_Year_to_Month_Year";;10;8;1943;;1;1945
89;"He served as an adjutant between November 18 1914 and February 1915, after which he was a Brigade Major until September of that year.";"He served as an adjutant between November 18 1914 and February 1915, after which he was a Brigade Major until September of that year.";"7c";"Range: Day_Month_Year_to_Month_Year";;18;11;1914;;2;1915
90;"From September 19 1980 - December 1987 he performed similar tasks in Kraków, Poznań and Wilno.";"From September 19 1980 - December 1987 he performed similar tasks in Kraków, Poznań and Wilno.";"7c";"Range: Day_Month_Year_to_Month_Year";;19;9;1980;;12;1987
91;"He led the 29th Mississippi into the Atlanta Campaign at around the January 10 1900 until December 1910, where they were defeated.";"He led the 29th Mississippi into the Atlanta Campaign at around the January 10 1900 until December 1910, where they were defeated.";"7c";"Range: Day_Month_Year_to_Month_Year";;10;1;1900;;12;1910
92;"The first two parts were published in Collier's between the December 21, 1956 and January 1957.";"The first two parts were published in Collier's between the December 21, 1956 and January 1957.";"7c";"Range: Day_Month_Year_to_Month_Year";;21;12;1956;;1;1957
93;"Mushroom season from the end of July to the end of August 2016.";"Mushroom season from the end of July to the end of August 2016.";"7d";"Range: Month_to_Month_Year";;;7;;;8;2016
94;"This hunting season started in march and lasted until july 2010.";"This hunting season started in march and lasted until july 2010.";"7d";"Range: Month_to_Month_Year";;;3;;;7;2010
95;"Apart from common beliefes, the mentioned ritual lasted from january to August 1995.";"Apart from common beliefes, the mentioned ritual lasted from january to August 1995.";"7d";"Range: Month_to_Month_Year";;;1;;;8;1995
96;"During the time of March - August 2016, the second term was done.";"During the time of March - August 2016, the second term was done.";"7d";"Range: Month_to_Month_Year";;;3;;;8;2016
97;"Between February and June 2010, the statistics show no significant development.";"Between February and June 2010, the statistics show no significant development.";"7d";"Range: Month_to_Month_Year";;;2;;;6;2010
98;"Two, three-hour classes will be held each week from November 29th until the end of January 2016.";"Two, three-hour classes will be held each week from November 29th until the end of January 2016.";"7e";"Range: Day_Month_to_Month_Year";;29;11;;;1;2016
99;"From April 4th to the begin of June 2010 construction works have to be done.";"From April 4th to the begin of June 2010 construction works have to be done.";"7e";"Range: Day_Month_to_Month_Year";;4;4;;;6;2010
100;"From May 3rd until mid of july 2014 the games will be hosted.";"From May 3rd until mid of july 2014 the games will be hosted.";"7e";"Range: Day_Month_to_Month_Year";;3;5;;;7;2014
101;"The coverage of the gathered enemy intel starts roughly around mid 2014 to 4th may 2015.";"The coverage of the gathered enemy intel starts roughly around mid 2014 to 4th may 2015.";"8a";"Range: Year_to_Day_Month_Year";;;;2014;4;5;2015
102;"The saga started in 2012 and ended on January 18, 2014.";"The saga started in 2012 and ended on January 18, 2014.";"8a";"Range: Year_to_Day_Month_Year";;;;2012;18;1;2014
103;"John doe signed his contract in 2012 and worked there until January 1, 2013.";"John doe signed his contract in 2012 and worked there until January 1, 2013.";"8a";"Range: Year_to_Day_Month_Year";;;;2012;1;1;2013
104;"The Caste War lasted from 1847 to 3 March 1901, and began as a war of the Maya against the Yucatecos, a colloquial name for persons of European ancestry.";"The Caste War lasted from 1847 to 3 March 1901, and began as a war of the Maya against the Yucatecos, a colloquial name for persons of European ancestry.";"8a";"Range: Year_to_Day_Month_Year";;;;1847;3;3;1901
105;"Between 1880 and the 1st of January 1882 Wilson made several unsuccessful attempts to get into the British Army officer-training establishments, two to enter the Royal Military Academy (Woolwich) and three for the Royal Military College (although there were nine applicants for every place in the late 1870s).";"Between 1880 and the 1st of January 1882 Wilson made several unsuccessful attempts to get into the British Army officer-training establishments, two to enter the Royal Military Academy (Woolwich) and three for the Royal Military College (although there were nine applicants for every place in the late 1870s).";"8a";"Range: Year_to_Day_Month_Year";;;;1880;1;1;1882
106;"The saga started around somewhere August 2012 and ended in January 18, 2014.";"The saga started around somewhere August 2012 and ended in January 18, 2014.";"8b";"Range: Month_Year_to_Day_Month_Year";;;8;2012;18;1;2014
107;"John doe signed his contract in mid July 2012 and worked there until January 1, 2013.";"John doe signed his contract in mid July 2012 and worked there until January 1, 2013.";"8b";"Range: Month_Year_to_Day_Month_Year";;;7;2012;1;1;2013
108;"The Caste War lasted from March 1847 to 3 March 1901, and began as a war of the Maya against the Yucatecos, a colloquial name for persons of European ancestry.";"The Caste War lasted from March 1847 to 3 March 1901, and began as a war of the Maya against the Yucatecos, a colloquial name for persons of European ancestry.";"8b";"Range: Month_Year_to_Day_Month_Year";;;3;1847;3;3;1901
109;"From end of September 2005 to 1 October 2005, Syrian government forces, backed by tanks and helicopters, led a major offensive on the town of Al-Rastan in Homs Governorate, in order to drive out army defectors.";"From end of September 2005 to 1 October 2005, Syrian government forces, backed by tanks and helicopters, led a major offensive on the town of Al-Rastan in Homs Governorate, in order to drive out army defectors.";"8b";"Range: Month_Year_to_Day_Month_Year";;;9;2005;1;10;2005
110;"Between March 1880 and the 1st of January 1882 Wilson made several unsuccessful attempts to get into the British Army officer-training establishments, two to enter the Royal Military Academy (Woolwich) and three for the Royal Military College (although there were nine applicants for every place in the late 1870s).";"Between March 1880 and the 1st of January 1882 Wilson made several unsuccessful attempts to get into the British Army officer-training establishments, two to enter the Royal Military Academy (Woolwich) and three for the Royal Military College (although there were nine applicants for every place in the late 1870s).";"8b";"Range: Month_Year_to_Day_Month_Year";;;3;1880;1;1;1882
111;"The group stage of the 2014 FIFA World Cup took place in Brazil from 12 June 2014 to 26 June 2014: each team played three games.";"The group stage of the 2014 FIFA World Cup took place in Brazil from 12 June 2014 to 26 June 2014: each team played three games.";"8c";"Range: Day_Month_Year_to_Day_Month_Year";;12;6;2014;26;6;2014
112;"The Russo-Japanese War (8 February 1904 - 5 September 1905) was fought between the Russian Empire and the Empire of Japan over rival imperial ambitions in Manchuria and Korea.";"The Russo-Japanese War (8 February 1904 - 5 September 1905) was fought between the Russian Empire and the Empire of Japan over rival imperial ambitions in Manchuria and Korea.";"8c";"Range: Day_Month_Year_to_Day_Month_Year";;8;2;1904;5;9;1905
113;"Shortly thereafter, Stalin instituted the Berlin Blockade (24 June 1948 - 12 May 1949), one of the first major crises of the Cold War, preventing food, materials and supplies from arriving in West Berlin.";"Shortly thereafter, Stalin instituted the Berlin Blockade (24 June 1948 - 12 May 1949), one of the first major crises of the Cold War, preventing food, materials and supplies from arriving in West Berlin.";"8c";"Range: Day_Month_Year_to_Day_Month_Year";;24;6;1948;12;5;1949
114;"The saga started on 27th of August 2012 and ended on January 18, 2014.";"The saga started on 27th of August 2012 and ended on January 18, 2014.";"8c";"Range: Day_Month_Year_to_Day_Month_Year";;27;8;2012;18;1;2014
115;"John doe signed his contract July 2nd, 2012 and worked there until January 1, 2013.";"John doe signed his contract July 2nd, 2012 and worked there until January 1, 2013.";"8c";"Range: Day_Month_Year_to_Day_Month_Year";;2;7;2012;1;1;2013
116;"The Caste War lasted from the 17th of March 1847 to 3 March 1901, and began as a war of the Maya against the Yucatecos, a colloquial name for persons of European ancestry.";"The Caste War lasted from the 17th of March 1847 to 3 March 1901, and began as a war of the Maya against the Yucatecos, a colloquial name for persons of European ancestry.";"8c";"Range: Day_Month_Year_to_Day_Month_Year";;17;3;1847;3;3;1901
117;"From September 12th, 2005 to 1 October 2005, Syrian government forces, backed by tanks and helicopters, led a major offensive on the town of Al-Rastan in Homs Governorate, in order to drive out army defectors.";"From September 12th, 2005 to 1 October 2005, Syrian government forces, backed by tanks and helicopters, led a major offensive on the town of Al-Rastan in Homs Governorate, in order to drive out army defectors.";"8c";"Range: Day_Month_Year_to_Day_Month_Year";;12;9;2005;1;10;2005
118;"Between 31st January 1880 and the 1st of January 1882 Wilson made several unsuccessful attempts to get into the British Army officer-training establishments, two to enter the Royal Military Academy (Woolwich) and three for the Royal Military College (although there were nine applicants for every place in the late 1870s).";"Between 31st January 1880 and the 1st of January 1882 Wilson made several unsuccessful attempts to get into the British Army officer-training establishments, two to enter the Royal Military Academy (Woolwich) and three for the Royal Military College (although there were nine applicants for every place in the late 1870s).";"8c";"Range: Day_Month_Year_to_Day_Month_Year";;31;1;1880;1;1;1882
119;"Beginning somewhere around mid July until the 1st November 2013 one could have seen a specific religious event.";"Beginning somewhere around mid July until the 1st November 2013 one could have seen a specific religious event.";"8d";"Range: Month_to_Day_Month_Year";;;7;;1;11;2013
120;"From the end of February until 2nd of March 2012, protest marchs took place.";"From the end of February until 2nd of March 2012, protest marchs took place.";"8d";"Range: Month_to_Day_Month_Year";;;2;;2;3;2012
121;"John doe signed his contract in July and worked there until January 1, 2013.";"John doe signed his contract in July and worked there until January 1, 2013.";"8d";"Range: Month_to_Day_Month_Year";;;7;;1;1;2013
122;"The Caste War lasted from March to 3 March 1901, and began as a war of the Maya against the Yucatecos, a colloquial name for persons of European ancestry.";"The Caste War lasted from March to 3 March 1901, and began as a war of the Maya against the Yucatecos, a colloquial name for persons of European ancestry.";"8d";"Range: Month_to_Day_Month_Year";;;3;;3;3;1901
123;"From September to 1 October 2005, Syrian government forces, backed by tanks and helicopters, led a major offensive on the town of Al-Rastan in Homs Governorate, in order to drive out army defectors.";"From September to 1 October 2005, Syrian government forces, backed by tanks and helicopters, led a major offensive on the town of Al-Rastan in Homs Governorate, in order to drive out army defectors.";"8d";"Range: Month_to_Day_Month_Year";;;9;;1;10;2005
124;"The series of presidential primary elections and caucuses is taking place between February 1 and June 14, 2016, staggered among the 50 states, the District of Columbia and U.S. territories.";"The series of presidential primary elections and caucuses is taking place between February 1 and June 14, 2016, staggered among the 50 states, the District of Columbia and U.S. territories.";"8e";"Range: Day_Month_to_Day_Month_Year";;1;2;;14;6;2016
125;"It took place in Brazil from 12 June to 13 July 2014, after the country was awarded the hosting rights in 2007.";"It took place in Brazil from 12 June to 13 July 2014, after the country was awarded the hosting rights in 2007.";"8e";"Range: Day_Month_to_Day_Month_Year";;12;6;;13;7;2014
126;"The Waterloo Campaign (15 June - 8 July 1815) was fought between the French Army of the North and two Seventh Coalition armies, an Anglo-allied army and a Prussian army.";"The Waterloo Campaign (15 June - 8 July 1815) was fought between the French Army of the North and two Seventh Coalition armies, an Anglo-allied army and a Prussian army.";"8e";"Range: Day_Month_to_Day_Month_Year";;15;6;;8;7;1815
127;"From the February 2nd until 2nd of March 2012, protest marchs took place.";"From the February 2nd until 2nd of March 2012, protest marchs took place.";"8e";"Range: Day_Month_to_Day_Month_Year";;2;2;;2;3;2012
128;"The Caste War lasted from 20th March to 3 April 1901, and began as a war of the Maya against the Yucatecos, a colloquial name for persons of European ancestry.";"The Caste War lasted from 20th March to 3 April 1901, and began as a war of the Maya against the Yucatecos, a colloquial name for persons of European ancestry.";"8e";"Range: Day_Month_to_Day_Month_Year";;20;3;;3;4;1901
129;"From 13th September to 1 October 2005, Syrian government forces, backed by tanks and helicopters, led a major offensive on the town of Al-Rastan in Homs Governorate, in order to drive out army defectors.";"From 13th September to 1 October 2005, Syrian government forces, backed by tanks and helicopters, led a major offensive on the town of Al-Rastan in Homs Governorate, in order to drive out army defectors.";"8e";"Range: Day_Month_to_Day_Month_Year";;13;9;;1;10;2005
130;"After a stopover of several weeks at the minor port of Nossi, Madagascar, that had been reluctantly allowed by neutral France in order not to jeopardize its relations with its Russian ally, the Russian Baltic fleet proceeded to Cam Ranh Bay in French Indochina passing on its way through the Singapore Strait between 7 and 10 April 1905.";"After a stopover of several weeks at the minor port of Nossi, Madagascar, that had been reluctantly allowed by neutral France in order not to jeopardize its relations with its Russian ally, the Russian Baltic fleet proceeded to Cam Ranh Bay in French Indochina passing on its way through the Singapore Strait between 7 and 10 April 1905.";"8f";"Range: Day_to_Day_Month_Year";;7;;;10;4;1905
131;"The Russian Second Army under General Oskar Gripenberg, between 25 and 29 January 1904, attacked the Japanese left flank near the town of Sandepu, almost breaking through.";"The Russian Second Army under General Oskar Gripenberg, between 25 and 29 January 1904, attacked the Japanese left flank near the town of Sandepu, almost breaking through.";"8f";"Range: Day_to_Day_Month_Year";;25;;;29;1;1904
132;"The group stage of the 2014 FIFA World Cup took place in Brazil from 12 to 26 June 2014: each team played three games.";"The group stage of the 2014 FIFA World Cup took place in Brazil from 12 to 26 June 2014: each team played three games.";"8f";"Range: Day_to_Day_Month_Year";;12;;;26;6;2014
133;"Azerbaijan Under-20 national team had a training camp on 21-25 December 2015 in Baku.";"Azerbaijan Under-20 national team had a training camp on 21 to 25 December 2015 in Baku.";"8f";"Range: Day_to_Day_Month_Year";;21;;;25;12;2015
